N,m,missing_count,peak,gap,rho,spike_mass,D3_size,defect_L,APcover_k3_Lmin5,APcover_k3_Lmin7
100,18,0,4,50,1.193050,18,11,17.454545454545453,0.0,0.0
200,26,175,25,4950,9.608696,276,23,53.91304347826087,1.0,1.0
