N,m,missing_count,peak,gap,rho,spike_mass,D3_size,defect_L,APcover_k3_Lmin5,APcover_k3_Lmin7
100,18,72,15,966,4.729730,100,20,26.8,1.0,0.4444444444444444
100,19,0,4,48,1.153355,19,14,14.071428571428571,0.0,0.0
200,25,161,22,2912,6.824000,225,32,56.75,1.0,1.0
200,26,175,25,4950,9.608696,276,23,53.91304347826087,1.0,1.0
